Zip Code,City,State,10 Year Average,11-Jan,11-Feb,11-Mar,11-Apr,11-May,11-Jun,11-Jul,11-Aug,11-Sep,11-Oct,11-Nov,11-Dec,12-Jan,12-Feb,12-Mar,12-Apr,12-May,12-Jun,12-Jul,12-Aug,12-Sep,12-Oct,12-Nov,12-Dec,13-Jan,13-Feb,13-Mar,13-Apr,13-May,13-Jun,13-Jul,13-Aug,13-Sep,13-Oct,13-Nov,13-Dec,14-Jan,14-Feb,14-Mar,14-Apr,14-May,14-Jun,14-Jul,14-Aug,14-Sep,14-Oct,14-Nov,14-Dec,15-Jan,15-Feb,15-Mar,15-Apr,15-May,15-Jun,15-Jul,15-Aug,15-Sep,15-Oct,15-Nov,15-Dec,16-Jan,16-Feb,16-Mar,16-Apr,16-May,16-Jun,16-Jul,16-Aug,16-Sep,16-Oct,16-Nov,16-Dec,17-Jan,17-Feb,17-Mar,17-Apr,17-May,17-Jun,17-Jul,17-Aug,17-Sep,17-Oct,17-Nov,17-Dec,18-Jan,18-Feb,18-Mar,18-Apr,18-May,18-Jun,18-Jul,18-Aug,18-Sep,18-Oct,18-Nov,18-Dec,19-Jan,19-Feb,19-Mar,19-Apr,19-May,19-Jun,19-Jul,19-Aug,19-Sep,19-Oct,19-Nov,19-Dec,20-Jan,20-Feb,20-Mar,20-Apr,20-May,20-Jun,20-Jul,20-Aug,20-Sep,20-Oct,20-Nov,20-Dec,21-Jan,21-Feb,21-Mar,21-Apr,21-May,21-Jun,21-Jul,21-Aug,21-Sep,21-Oct
49853,McMillan,MI,40.99,12.87,17.44,24.21,36.82,  ,60.71,67.66,  ,56.16,46.87,36.1,26.89,21.79,24.93,36.14,38.98,52.93,61.83,68.76,64.71,54.37,44.4,  ,27.39,19.4,15.62,24.49,33.22,50.72,59.2,64.89,63.32,56.32,45.12,32.13,11.62,8.76,7.72,12.85,33.96,48.6,60.46,60.78,61.74,55.85,44.56,27.91,23.97,11.39,2.39,21.81,37.29,50.38,57.74,64.44,63.25,62.06,44.44,38.68,32.22,18.82,20.3,30.43,34.34,53.4,59.83,66.51,67.68,61.23,48.87,40.42,24.01,20.88,23.29,25.56,41.68,48.96,  ,64.2,  ,  ,  ,32.68,18.01,16.39,15.46,25.72,30.7,53.74,60.49,68.18,66,58.14,41.58,28.74,26.19,12.65,13.73,20.75,37.15,47.08,58.37,67.62,62.64,58.28,45.05,28.36,22.68,25.05,18.46,29.93,36.25,48.58,60.31,68.63,65.91,54.66,39.92,37.67,27,22.82,13.75,29.73,42.21,49.84,61.99,65.8,67.62,59,53.89
49891,Trenary,MI,41.67,13.5,16.18,24.19,36.09,48.56,58.82,68.56,65.75,54.91,48.4,35.71,25.12,21.09,25.25,40.08,40.75,56.17,64.18,70.59,66.36,55.71,45.16,34.56,27.36,19.06,17.8,24.33,34.79,49.91,59.5,66.38,65.12,56.71,45.3,30.47,13.35,7.92,6.78,14.43,34.48,50.38,61.02,62.4,62.29,56.98,43.5,25.36,23.16,12.58,4.68,23.63,37.69,52.3,57.92,66.24,64.62,63.1,44.96,38.05,31.28,18.59,21.2,30.83,35.04,51.93,60.73,67.1,68.29,60.82,47.93,40.75,20.97,20.28,23.25,25.99,40.55,48.33,61.54,64.49,62.13,60.01,47.88,30.45,17.04,17.17,14.7,23.77,30.52,56.21,60.48,68.05,65.77,58.95,40.6,27,25,12.31,13.1,22.03,37.11,46.29,59.25,68.49,64.06,59.4,44.11,27.72,22.35,22.24,18.09,29.16,34.03,49.15,61.41,69.03,65.41,55.44,38.98,36.73,26.15,21.9,13.77,30.72,41.02,51.33,64.94,65.82,68.29,58.01,52.25
50166,Milo,IA,50.31,16.07,23.54,36.39,48.02,60.13,70.41,79.27,72.84,60.24,53.44,40.17,  ,28.69,29.46,52.63,53.76,66.06,71.47,81.41,72.59,63.3,49.93,40.87,29.19,24.6,25.18,30.4,45.12,60.08,70.23,73,72.77,67.78,51.04,34.79,18.39,17.67,15.03,31.48,49.91,60.93,70.84,69.73,72.16,63.05,52.63,31.32,29.61,23.16,15.82,38.66,52.23,61.27,70.2,73,69.39,68.72,53.91,43.57,34.59,20.82,29.48,44.33,51.8,59.49,74.32,74.41,74.01,69.89,57.47,47.34,25.54,26.17,36.93,40.39,  ,  ,73.04,77.47,69.69,69.98,  ,38.23,  ,19.26,20.57,  ,40.1,67.82,  ,74.26,74.77,68.07,49.57,31.19,29.88,20.25,15.33,32.68,51.51,57.49,70.47,76.28,70.74,69.67,48.33,34.12,32.14,24.28,26.92,42.91,48.45,59.27,73.98,77.18,72.79,63.45,47.3,44.26,28.13,24.39,12.72,43.21,50.2,60.01,73.96,74.37,74.84,68.79,56.12
50231,Randall,IA,47.97,14.27,22.48,34.18,46.4,58.69,68.86,77.36,71.13,59.7,52.5,38.95,29.03,25.99,28.8,49.66,51.98,64.18,70.18,78.67,69.85,61.32,48.54,39,26.47,20.52,23.54,28.27,43.21,58.1,68.92,71.91,72.03,67.14,50.43,32.88,16.83,14.56,12.2,28.85,46.54,59.45,69.35,67.95,70.88,61.3,50.83,28.71,28.78,20.89,13.33,36.48,50.38,59.18,68.27,70.81,68.16,68.36,52.77,41.83,32.85,19.06,27.25,41.63,49.84,58.48,72.82,72.46,  ,67.12,54.99,45.03,23.29,24.04,33.75,36.86,50.41,58.33,70.29,74.25,67.33,66.56,52.7,35.31,24.22,16.84,19.49,34.63,38.88,66.51,72.63,72.45,71.01,65.34,47.44,30.13,28.27,18.01,13.82,30.16,48.96,56.32,68.68,73.83,68.7,67.53,46.69,31.66,29.52,22.21,24.26,40.08,46.35,57.34,72.68,75.33,71.51,61.41,45.9,41.09,25.83,22.05,11.28,41.79,48.99,58.77,73.13,73.09,72.55,66.11,54.61
50570,Ottosen,IA,46.65,10.54,17.98,29.84,44.22,56.86,68.13,75.63,70.18,59.25,52.45,36.37,24.62,22.62,26.67,48.04,50.05,63.12,70.09,77.13,69.31,60.94,46.83,36.37,23.27,16.84,19.08,24.71,39.36,55.85,67.8,72,70.25,65.53,49.32,30.69,13.1,10.76,8.58,25.57,44.73,57.54,68.76,67.57,70.07,60.91,49.95,25.54,24.69,17.94,11.8,35.26,49.14,57.74,68.45,70.32,67.21,66.99,51.42,38.35,28.29,15.85,24.76,37.69,48.15,58.69,71.22,71.2,69.91,65.32,52.52,43.16,19.44,21.09,30.38,31.73,48.43,56.79,69.96,72.72,  ,  ,  ,  ,  ,  ,  ,  ,  ,  ,73.22,73.09,70.9,66.52,45.97,27.03,24.82,14.76,8.8,25.57,46.83,55.8,68.56,74.25,68.81,66.85,44.78,29.71,24.22,18.32,19.78,36.27,43.56,57.29,  ,74.73,71.76,61.61,43.54,38.82,25.32,21.79,9.61,39.45,47.12,57.96,74.23,73.49,72.72,65.52,54.46
53075,Random Lake,WI,45.82,16.05,20.46,29.07,42.44,53.2,63.37,74.07,70.05,59.05,50.13,39.15,29.77,23.63,28.54,45.45,44.38,59.18,67.95,76.23,68.95,59.77,47.39,36.81,30.07,19.99,18.48,25.83,39.79,56.08,64.33,69.39,68.49,60.98,48.85,34.02,17.6,8.82,11.08,23.65,41.31,55.36,65.35,66.52,67.62,60.17,48.02,29.84,28.26,17.98,9.64,31.53,44.69,57.11,62.87,68.59,68.07,65.7,51.35,41.81,34.9,19.17,25.05,37.63,41.59,55.98,66.02,71.42,71.62,64.87,52.21,43.09,23.38,22.91,29.68,31.12,47.55,53.67,67.6,70.03,65.8,63.1,53.13,34.32,21.4,18.9,20.53,30.76,35.38,60.78,66.02,71.38,70.38,61.83,46.71,30.34,28.44,16.39,17.91,27.59,43.47,51.78,63.41,72.64,67.05,63.57,46.99,30.34,28.15,25.34,22.15,35.47,40.53,54.23,66.04,73.67,69.62,60.19,44.13,42.03,27.86,22.28,14.11,36.37,45.37,55.54,69.75,69.82,71.55,62.53,  
53082,Sheboygan,WI,45.03,17.4,22.19,29.52,40.39,49.23,60.24,72.34,69.89,58.75,49.82,39.72,30.61,25.47,29.17,43.56,42.71,56.59,65.88,74.28,68.9,59.36,46.8,36.82,31.55,21.33,21,27.54,39.79,50.79,61.32,68.2,67.23,61.75,49.26,33.93,17.89,10.6,12.47,25.3,39.92,51.13,58.73,65.28,66.49,59.54,48.36,30.52,29.35,18.59,11.66,31.3,42.08,53.13,59.65,67.21,66.92,63.64,52.5,41.95,36.54,20.05,26.73,36.27,39.25,52.68,63.95,70.39,70.92,64.78,53.15,44.51,25.07,23.88,29.57,30.34,46.42,51.03,65.1,67.87,66.76,63.34,52.27,35.71,22.53,19.33,21.34,30.88,34.45,56.34,61.61,68.99,70.14,62.49,47.19,31.95,29.32,17.89,19.49,27.54,42.06,49.21,58.73,69.73,67.8,62.49,47.55,31.15,  ,24.48,21.58,32.47,36.57,47.77,60.98,69.37,65.57,57.79,41.95,42.15,27.27,22.3,13.53,33.3,39.61,49.51,62.17,65.3,67.33,59.68,52.9
53110,Cudahy,WI,48.58,19.9,23.76,33.73,43.93,52.11,64.09,75.29,72.82,62.8,52.75,42.93,33.66,28.17,31.93,47.35,46.35,59.5,69.89,78.17,71.89,63.52,50.41,39.36,34.93,24.3,23.2,30.29,43.63,55.85,64.72,72.01,70.74,64.81,51.4,36.68,21.42,12.99,15.49,26.92,43.23,55.85,62.8,67.6,70.27,62.2,51.66,32.56,32.18,21.29,14.5,33.51,45.25,55.92,62.73,69.91,69.98,67.91,54.91,44.98,38.7,22.41,29.88,39.72,42.69,56.3,68.61,74.34,74.66,68.23,56.1,47.17,26.26,27.1,34.09,35.15,48.88,53.91,68.67,71.37,70.07,66.22,56.41,38.17,25.88,22.24,25.81,34.52,37.26,59.49,64.85,73.22,73.94,66.51,50.86,34.68,31.82,22.1,23.34,30.96,45.05,52.54,63.39,73.94,71.26,66.96,50.59,33.03,33.33,28.76,27.37,38.52,41.95,53.06,66.67,76.01,72.27,62.98,48.33,45.21,31.01,26.6,18.01,39.51,46.53,55.96,69.94,72,73.08,62.71,58.21
3755,Hanover,NH,48.45,18.09,20.23,31.33,45.09,60.1,  ,  ,69.24,63.77,49.59,41.31,29.79,23.67,28.47,42.03,46.51,60.78,65.7,72.39,71.74,62.15,52.77,36.86,30.81,22.96,25.16,33.46,46.78,59.79,67.08,74.61,68.94,61.32,50.72,  ,24.91,19.18,  ,24.73,46.06,58.35,66.97,71.1,67.59,62.08,53.28,36.64,30.18,17.19,11.61,28.31,44.96,64.02,  ,71.13,71.31,66.87,48.47,43.16,37.44,24.73,28.96,39.65,44.26,59.16,67.15,72.75,72.64,64.42,50.86,39.97,26.8,28.2,30.45,29.1,50.63,56.82,66.83,69.89,68.13,65.7,57.06,37.04,21.15,20.57,30.27,33.35,41.22,62.65,65.5,74.03,72.91,65.07,48.24,34.3,27.21,20.23,24.48,31.98,46.83,55.92,66.31,73.76,70.03,61.9,51.42,33.75,26.82,27.54,27.59,38.3,43.5,58.44,68.34,76.33,70.66,62.55,50.11,41,30.78,24.96,23.77,36.88,47.71,57.51,70.36,68.49,72.55,63.86,54.55
3814,Center Ossipee,NH,43.26,16.56,18.7,28.83,41.58,54.14,61.61,67.77,64.83,59.49,47.41,38.66,29.21,21.29,25.3,36.52,44.01,55.83,61.07,68.14,66.85,55.67,48.09,33.94,27.63,19.4,23.07,30.51,41.05,53.37,62.17,68.45,63.01,55.44,46.65,31.98,20.59,14.81,17.94,19.18,40.19,52.95,60.89,66.9,62.67,55.65,48.15,32.72,27.59,13.17,7.09,22.5,39.47,57.61,58.55,65.28,65.95,60.28,42.8,37.72,33.03,21.65,23.54,32.79,39.18,54.27,61.52,66.42,65.84,58.39,45.84,36.05,23.36,23.77,24.71,23.79,43.72,51.35,61.09,64.81,62.56,60.35,51.67,32.85,18.5,16.92,24.28,29.89,37.04,55.74,60.28,67.95,66.96,58.82,42.71,29.44,22.96,16.29,18.59,25.92,40.05,49.82,60.4,68.29,64,55.08,45.5,30.81,24.62,24.22,22.19,32.72,39,52.86,62.62,69.15,65.05,57.16,44.83,36.68,26.69,22.53,18.84,30.74,43.02,53.96,64.67,64.13,67.51,58.19,  
4005,Biddeford,ME,46.07,21.22,22.41,32.4,43.45,52.3,60.66,68.14,64.45,59.72,50.16,43.09,33.3,25.93,29.71,37.2,  ,54.73,61.05,68.52,68.14,58.48,50.7,37.24,31.95,25.16,26.33,33.49,42.39,51.8,63.01,70.48,64.99,58.77,48.9,36.37,25.43,21.45,22.12,25.09,41.7,52.57,61.95,67.51,64.6,59,51.53,37.11,32.88,19.67,11.21,26.28,41.18,54.79,59.49,67.05,67.77,62.89,47.14,41.85,36.37,26.24,27.48,35.89,39.74,52.12,61.5,68.76,68.95,61.57,48.63,40.3,29.03,29.12,27.86,27.75,44.49,51.33,62.67,66.42,64.9,63.09,54.1,37.83,23.47,20.52,30.58,32.31,39.54,55.29,60.93,68.67,70.39,61.99,47.05,34.68,28.47,22.84,24.85,30.06,41.99,49.91,60.17,70,66.58,58.98,49.57,34.93,27.19,29.03,28.35,36.66,40.42,52.21,62.1,70.09,67.95,59.79,48.27,40.12,31.57,27.79,24.6,33.17,44.29,54.16,65.73,66.29,69.35,63.39,  
4053,Merepoint,ME,43.54,17.01,16.54,27.36,40.01,53.01,60.8,67.89,64.65,58.98,47.39,38.66,27.37,19.89,23.5,35.1,42.89,54.32,60.04,67.66,67.01,55.31,48.67,32.85,25.63,17.71,20.73,29.52,38.91,52.23,62.82,68.9,64.24,57.38,48.56,32.92,20.25,15.22,19.49,19.94,40.17,53.08,61.48,67.57,64.67,57.31,49.06,33.71,27.39,14.07,7.84,23.43,39.74,58.73,58.39,65.84,66.72,62.22,44.22,38.75,32.5,22.12,22.69,31.53,39.54,53.94,61.2,67.12,67.21,60.21,47.57,37.71,22.55,23.41,23.74,23.29,43.68,51.06,61.66,65.93,63.68,62.11,52.93,33.15,19.04,16.75,25,30.06,37.78,55.63,60.28,68.32,67.84,59.2,43.18,29.55,22.37,15.55,18.57,26.19,40.03,49.69,60.62,68.85,64.83,56.71,46.85,30.87,24.19,23.11,22.53,31.68,39.27,53.15,62.67,68.76,65.55,58.01,45.84,38.08,27.48,22.91,19.8,30.2,44.28,54.28,65.21,63.64,67.95,59.32,50.11
4105,Falmouth,ME,46.91,20.26,23.09,32.18,44.92,54.81,62.85,73.22,68.4,62.65,51.04,43.47,31.32,24.17,28.49,40.26,46.51,56.86,62.83,71.46,70.52,59.23,51.96,36.43,29.37,23.13,25.47,33.93,43.88,54.72,65.53,71.46,68.58,59.97,51.39,36.19,21.81,19.87,21.24,25.14,42.58,54.63,64.49,69.98,66.97,60.42,52.18,36.09,29.68,17.65,11.95,28.09,43.36,59.04,60.62,68.49,70.03,65.43,48,41.67,35.78,25.23,27,35.96,42.4,55.81,64.13,71.51,72.07,64.29,50.88,40.15,25.41,27.43,27.63,27.21,46.76,53.22,65.64,69.93,68.7,65.26,56.97,36.72,21.09,20.82,28.87,32.94,40.87,57.56,63.12,70.47,71.15,62.35,46.2,32.95,27.09,19.87,23.38,30.76,43.57,52.07,62.78,72.59,68.67,60.58,50.47,33.73,27.88,26.17,26.82,36.32,41.77,54.05,65.77,71.42,69.44,61.07,48.56,41.36,30.16,25.81,24.87,34.32,46.2,56.34,69.71,66.7,71.29,63.16,53.65
4107,Cape Elizabeth,ME,46.91,20.26,23.09,32.18,44.92,54.81,62.85,73.22,68.4,62.65,51.04,43.47,31.32,24.17,28.49,40.26,46.51,56.86,62.83,71.46,70.52,59.23,51.96,36.43,29.37,23.13,25.47,33.93,43.88,54.72,65.53,71.46,68.58,59.97,51.39,36.19,21.81,19.87,21.24,25.14,42.58,54.63,64.49,69.98,66.97,60.42,52.18,36.09,29.68,17.65,11.95,28.09,43.36,59.04,60.62,68.49,70.03,65.43,48,41.67,35.78,25.23,27,35.96,42.4,55.81,64.13,71.51,72.07,64.29,50.88,40.15,25.41,27.43,27.63,27.21,46.76,53.22,65.64,69.93,68.7,65.26,56.97,36.72,21.09,20.82,28.87,32.94,40.87,57.56,63.12,70.47,71.15,62.35,46.2,32.95,27.09,19.87,23.38,30.76,43.57,52.07,62.78,72.59,68.67,60.58,50.47,33.73,27.88,26.17,26.82,36.32,41.77,54.05,65.77,71.42,69.44,61.07,48.56,41.36,30.16,25.81,24.87,34.32,46.2,56.34,69.71,66.7,71.29,63.16,53.65
4267,North Waterford,ME,43.13,16.79,17.44,28.29,41.77,55.45,62.4,69.33,67.23,61.5,48.96,39.09,28.42,20.93,24.4,36.1,44.49,55.89,62.65,69.66,68.54,57.24,49.48,33.39,27.27,17.06,21.29,29.88,40.28,53.64,62.76,69.51,64.18,57.34,47.61,32.07,19.42,13.55,15.96,17.8,39.85,53.49,62.28,67.62,64.87,57.02,49.01,32.72,26.53,11.28,5.52,21.52,39.06,56.91,59.18,66.02,67.12,62.4,44.08,38.05,32.09,20.39,22.14,31.84,38.48,54.05,61.47,67.32,67.14,60.15,47.57,37.06,21.49,22.6,22.33,21.92,43.72,51.6,61.99,65.68,63.46,62.49,52.74,32.7,18.05,15.51,22.95,28.8,37.58,54.81,60.39,68.99,68.49,60.22,43.43,29.32,21.16,14.88,17.47,24.58,39.76,49.59,60.89,69.15,65.14,56.48,45.99,30.11,23,21.52,19.08,30.69,39.18,52.72,62.87,69.89,65.46,57.96,45.28,36.82,26.98,21.16,17.92,30.04,43.18,54.05,65.39,  ,68.38,59.54,50.41
4462,Millinocket,ME,41.51,15.37,14.04,25.66,37.85,52.14,61.27,68.22,65.88,59.72,48.29,38.21,25.32,16.83,19.27,32.67,42.55,53.62,60.96,69.08,68.11,56.8,47.57,32.81,23.38,13.89,17.67,30.16,37.54,52.41,59.83,69.4,62.6,58.95,45.82,30.96,13.75,12.06,13.77,16.79,37.4,51.03,61.43,68.29,64.9,55.76,47.7,30.29,24.17,9.61,3.2,20.23,35.98,54.86,57.31,64.9,67.59,61.77,42.21,35.62,28.44,17.67,19.49,27.05,36.64,52.05,60.51,66.97,66.96,59.4,46.15,36.54,18.14,19.58,17.58,21.52,40.77,50.43,61.23,65.26,63.1,61.11,51.03,32.07,15.57,12.61,18.84,28.38,35.35,52.36,58.06,69.33,67.98,57,40.41,27.64,17.83,10.96,12.65,21.18,37.15,46.96,59.05,69.55,64.96,54.59,43.97,29.28,20.91,19.36,17.42,26.91,36.57,50.43,62.69,68.97,66.02,55.99,43.77,35.26,26.96,20.93,15.44,27.64,41.95,51.49,64.56,63.37,68.34,58.57,48.94
4465,Cary,ME,43.32,17.19,17.1,28.18,40.3,52.14,61.41,69.26,66.29,60.12,48.43,38.95,26.19,18.63,22.06,34.16,43.43,54.73,60.08,69.4,68.81,57.43,48.33,34.66,23.99,15.71,20.77,31.33,39.72,53.22,61.97,69.06,64.98,57.56,48.63,32.77,17.8,14.54,17.76,19.42,39,52.3,61.79,69.51,66.24,58.32,49.68,31.8,27.1,12.09,6.08,22.17,38.48,55.89,57.4,66.18,69.06,62.62,43.5,36.07,30.15,19.98,22.14,28.26,39.06,53.38,61.23,68.13,67.68,60.24,47.79,37.8,21.16,21.67,21.33,23.49,42.64,52.3,62.51,66.65,67.06,63.3,52.81,33.84,17.76,15.48,22.91,29.97,38.62,54.59,59.38,70.56,69.53,59.59,41.81,29.66,20.41,14.54,15.96,25.68,39.13,49.05,61.03,68.94,65.52,56.25,47.12,30.65,23.04,20.57,21.24,29.66,39.07,52.65,64.04,68.25,68.04,58.89,46.22,38.01,27.12,22.32,19.62,29.03,44.89,54.37,66.24,64.74,69.17,60.26,51.48
4621,Eastport,ME,44.81,19.8,20.16,30.74,41.49,51.33,59.11,67.71,65.68,60.4,49.93,40.98,29.26,22.41,24.85,35.94,42.57,53.44,60.06,68.41,68.09,58.5,50.54,36.28,27.84,18.68,23.85,33.35,40.15,51.46,60.28,68.81,65.52,58.12,48.96,34.34,20.52,18.28,20.46,23.22,40.55,50.72,61.54,68.27,65.41,58.3,50.72,34.57,29.88,15.82,9.27,24.82,38.98,53.38,58.17,65.26,68.36,63.18,46.31,39.85,34.32,23.92,26.4,31.95,40.8,52.72,60.22,68.74,67.77,60.94,49.93,40.75,25.32,26.29,24.82,26.69,43.32,51.42,62.11,65.77,65.79,62.37,54.46,36.57,21.47,19.96,27.5,32.58,40.33,53.58,59.72,68.54,69.93,60.76,44.73,33.51,23.9,19.87,21.09,29.91,41.16,48.6,59.34,68.38,65.93,57.96,49.08,33.76,27.75,23.81,25.36,33.96,40.24,51.62,62.15,67.01,67.6,59.65,48.31,41.27,31.8,25.48,24.1,32.7,45.36,53.02,66.47,64.35,68.27,61.11,52.83
5678,Websterville,VT,42.18,12.36,12.36,24.84,39.65,56.01,61.48,67.5,65.59,60.01,46.31,36.52,24.24,16.92,21.7,36.43,41.54,56.52,61.88,67.48,66.72,55.53,47.59,31.3,25.47,13.41,18.75,26.94,39.29,54.37,62.29,69.84,64.11,  ,45.66,29.61,18.77,11.79,13.06,13.64,38.48,52.92,61.7,66.31,62.76,55.27,  ,31.53,  ,7.14,0.48,18.63,37.76,57.54,58.96,65.57,66.56,61.21,42.03,36.48,32.41,17.37,21.38,31.05,36.48,53.26,61,66.18,66.51,58.01,44.82,34.65,18.39,19.53,22.71,20.64,43.61,51.17,60.76,65.05,61.84,59.92,50.61,30.15,  ,14.16,22.1,27.05,35.74,55.02,59.65,69.06,68.11,59.79,43.72,28.96,19.63,12.29,15.4,22.82,40.41,50.77,60.15,68.25,64.04,55.98,45.16,28.22,21,20.43,19.17,30.83,38.17,52.21,62.04,70.59,64.72,56.16,45.05,35.44,26.28,18.45,15.71,28.8,42.06,53.11,64.17,64.99,68.13,59.18,49.95
5875,West Glover,VT,43,13.93,15.21,24.76,39.88,55.98,62.38,68.13,66.29,60.35,47.48,40.32,26.01,17.53,22.32,35.4,41.83,56.7,62.92,67.87,68.11,56.89,48.76,32.02,25,15.39,18.54,28.09,39.36,55.74,62.22,69.3,64.62,56.53,47.41,31.24,18.52,11.68,14.29,14.13,39.4,53.62,62.92,67.21,64.63,57.36,49.21,32.31,24.64,7.84,0.12,18.88,37.54,58.57,58.93,65.32,67.15,62.62,42.53,37.6,33.33,17.6,20.25,29.37,36.7,54.48,62.38,67.75,67.66,60.08,47.7,36.52,  ,  ,21.67,20.08,44.58,51.87,62.11,65.68,64.62,61.3,53.46,31.28,15.8,12.4,22.71,26.4,35.56,55.56,60.98,70.61,69.33,60.46,43.05,28.18,19.42,11.32,15.22,22.59,39.29,49.68,60.78,69.82,65.53,56.35,46.13,27.48,21.31,20.5,18.72,30.16,37.63,52.84,63.19,71.29,65.23,57,45.7,37.63,26.29,18.57,14.25,28.6,43.03,54.23,67.15,65.66,70.16,60.6,51.53
6049,Melrose,CT,48.26,20.73,23.74,34.95,47.61,58.98,65.26,71.92,68.16,64.38,50.67,42.91,34.34,28.62,32.74,43.81,47.37,60.17,64.36,72,69.21,60.08,51.71,37.24,33.1,25.45,26.87,33.44,45.03,56.48,65.75,74.08,66.29,58.35,50.36,36.82,28.38,19.96,21.63,26.67,45.09,56.53,65.57,69.94,66.2,60.71,51.31,36.79,32.94,19.83,12.31,27.88,44.51,61.93,63.21,69.28,68.95,64.71,47.64,43.12,40.57,26.51,28.49,40.91,44.55,56.89,65.3,71.38,70.97,63.14,50.13,40.82,29.53,29.91,31.6,30.54,50,54.59,64.49,69.26,66.25,63.16,55.11,37.65,25.75,22.62,31.59,34.16,41.22,60.8,64.09,71.89,71.74,63.54,49.39,35.83,31.19,24.91,26.8,32.11,47.3,55.98,64.4,73.22,68.88,60.31,50.38,35.42,28.6,30.79,31.03,38.89,42.49,55.44,67.01,74.12,70.88,61.3,50.92,42.58,31.71,26.78,25.45,36.75,47.5,56.93,67.69,69.6,71.2,62.82,53.91
6050,New Britain,CT,48.26,20.73,23.74,34.95,47.61,58.98,65.26,71.92,68.16,64.38,50.67,42.91,34.34,28.62,32.74,43.81,47.37,60.17,64.36,72,69.21,60.08,51.71,37.24,33.1,25.45,26.87,33.44,45.03,56.48,65.75,74.08,66.29,58.35,50.36,36.82,28.38,19.96,21.63,26.67,45.09,56.53,65.57,69.94,66.2,60.71,51.31,36.79,32.94,19.83,12.31,27.88,44.51,61.93,63.21,69.28,68.95,64.71,47.64,43.12,40.57,26.51,28.49,40.91,44.55,56.89,65.3,71.38,70.97,63.14,50.13,40.82,29.53,29.91,31.6,30.54,50,54.59,64.49,69.26,66.25,63.16,55.11,37.65,25.75,22.62,31.59,34.16,41.22,60.8,64.09,71.89,71.74,63.54,49.39,35.83,31.19,24.91,26.8,32.11,47.3,55.98,64.4,73.22,68.88,60.31,50.38,35.42,28.6,30.79,31.03,38.89,42.49,55.44,67.01,74.12,70.88,61.3,50.92,42.58,31.71,26.78,25.45,36.75,47.5,56.93,67.69,69.6,71.2,62.82,53.91
6053,New Britain,CT,48.26,20.73,23.74,34.95,47.61,58.98,65.26,71.92,68.16,64.38,50.67,42.91,34.34,28.62,32.74,43.81,47.37,60.17,64.36,72,69.21,60.08,51.71,37.24,33.1,25.45,26.87,33.44,45.03,56.48,65.75,74.08,66.29,58.35,50.36,36.82,28.38,19.96,21.63,26.67,45.09,56.53,65.57,69.94,66.2,60.71,51.31,36.79,32.94,19.83,12.31,27.88,44.51,61.93,63.21,69.28,68.95,64.71,47.64,43.12,40.57,26.51,28.49,40.91,44.55,56.89,65.3,71.38,70.97,63.14,50.13,40.82,29.53,29.91,31.6,30.54,50,54.59,64.49,69.26,66.25,63.16,55.11,37.65,25.75,22.62,31.59,34.16,41.22,60.8,64.09,71.89,71.74,63.54,49.39,35.83,31.19,24.91,26.8,32.11,47.3,55.98,64.4,73.22,68.88,60.31,50.38,35.42,28.6,30.79,31.03,38.89,42.49,55.44,67.01,74.12,70.88,61.3,50.92,42.58,31.71,26.78,25.45,36.75,47.5,56.93,67.69,69.6,71.2,62.82,53.91
6075,Stafford,CT,49.9,23.02,26.24,35.51,47.88,58.5,65.48,72.52,69.57,64.83,52.36,45.73,36.12,29.93,33.46,44.42,49.12,60.75,64.74,72.36,70.38,61.61,53.26,38.98,35.31,27.32,27.97,33.94,45.95,57.43,66.65,74.23,66.76,60.15,51.94,39.09,30.04,22.44,24.75,28.24,45.32,56.55,64.94,70.11,66.76,61.88,52.09,38.39,34.48,21.54,14.7,29.97,46.2,61.3,64.08,70.56,70.61,67.03,50.34,45.93,43.5,28.63,30.67,41.81,46.31,58.14,66.2,73.18,73.09,65.66,52.77,43.3,32.67,33.66,33.35,  ,51.15,55.51,66.56,70.5,68.2,66.07,57.97,40.82,28.65,25.27,34.97,35.82,42.91,61.59,65.61,73.08,73.6,64.9,50.94,38.07,32.86,26.17,28.83,33.3,48.45,55.6,65.88,73.92,69.62,62.08,52.16,37.74,30.54,32.34,33.08,40.24,43.05,55.74,67.35,73.87,72.1,63.01,52.57,45.64,33.15,28.49,27.48,38.21,47.79,57,67.89,69.91,71.29,64.22,55.6
6087,Unionville,CT,48.26,20.73,23.74,34.95,47.61,58.98,65.26,71.92,68.16,64.38,50.67,42.91,34.34,28.62,32.74,43.81,47.37,60.17,64.36,72,69.21,60.08,51.71,37.24,33.1,25.45,26.87,33.44,45.03,56.48,65.75,74.08,66.29,58.35,50.36,36.82,28.38,19.96,21.63,26.67,45.09,56.53,65.57,69.94,66.2,60.71,51.31,36.79,32.94,19.83,12.31,27.88,44.51,61.93,63.21,69.28,68.95,64.71,47.64,43.12,40.57,26.51,28.49,40.91,44.55,56.89,65.3,71.38,70.97,63.14,50.13,40.82,29.53,29.91,31.6,30.54,50,54.59,64.49,69.26,66.25,63.16,55.11,37.65,25.75,22.62,31.59,34.16,41.22,60.8,64.09,71.89,71.74,63.54,49.39,35.83,31.19,24.91,26.8,32.11,47.3,55.98,64.4,73.22,68.88,60.31,50.38,35.42,28.6,30.79,31.03,38.89,42.49,55.44,67.01,74.12,70.88,61.3,50.92,42.58,31.71,26.78,25.45,36.75,47.5,56.93,67.69,69.6,71.2,62.82,53.91
6134,Hartford,CT,48.26,20.73,23.74,34.95,47.61,58.98,65.26,71.92,68.16,64.38,50.67,42.91,34.34,28.62,32.74,43.81,47.37,60.17,64.36,72,69.21,60.08,51.71,37.24,33.1,25.45,26.87,33.44,45.03,56.48,65.75,74.08,66.29,58.35,50.36,36.82,28.38,19.96,21.63,26.67,45.09,56.53,65.57,69.94,66.2,60.71,51.31,36.79,32.94,19.83,12.31,27.88,44.51,61.93,63.21,69.28,68.95,64.71,47.64,43.12,40.57,26.51,28.49,40.91,44.55,56.89,65.3,71.38,70.97,63.14,50.13,40.82,29.53,29.91,31.6,30.54,50,54.59,64.49,69.26,66.25,63.16,55.11,37.65,25.75,22.62,31.59,34.16,41.22,60.8,64.09,71.89,71.74,63.54,49.39,35.83,31.19,24.91,26.8,32.11,47.3,55.98,64.4,73.22,68.88,60.31,50.38,35.42,28.6,30.79,31.03,38.89,42.49,55.44,67.01,74.12,70.88,61.3,50.92,42.58,31.71,26.78,25.45,36.75,47.5,56.93,67.69,69.6,71.2,62.82,53.91
7072,Carlstadt,NJ,55.74,  ,  ,  ,  ,64.36,73.22,80.87,75.38,70.68,56.7,  ,  ,  ,  ,  ,55.06,  ,72.1,81.07,77.22,68.86,57.69,42.78,40.39,34.43,33.19,39.09,52.18,62.22,73.67,80.65,74.01,67.1,58.69,44.08,36.68,26.26,30.04,35.13,51.42,62.87,72.28,76.98,73.08,69.08,58.62,42.85,39.58,28.04,22.12,35.8,52.3,67.93,71.08,78.53,78.12,72.79,55.9,50.59,47.73,32.13,36.01,46.98,51.91,61.77,72.84,79.75,78.98,71.22,57.43,48.45,37.4,36.68,39.2,38.32,55.49,61.02,72.59,77.65,74.07,70.41,61.99,44.67,33.98,29.23,38.8,38.98,48.15,66.38,72.37,79.43,79.2,71.1,57.2,43.07,38.3,31.69,33.85,39.27,54.52,62.78,72.95,81.41,76.8,70.38,59.36,42.31,36,37.63,38.95,46.2,48.96,60.39,74.07,81.54,78.24,68.81,57.49,50.07,37.9,33.39,31.62,43.18,53.17,62.76,74.64,  ,78.4,70.68,  
7080,South Plainfield,NJ,54.63,26.94,33.28,41.63,53.98,63.41,71.53,78.48,74.32,69.57,56.61,48.97,40.71,34.68,38.41,49.26,53.1,65.1,70.25,78.4,75.51,67.96,56.68,41.47,40.05,33.94,32.07,38.84,51.89,60.55,71.6,79.12,72.5,65.5,57.42,43.83,35.53,25.52,29.03,35.06,51.12,61.93,70.65,74.77,71.1,67.77,57.43,41.88,39.18,27.43,21.81,35.65,52.16,66.09,70.3,76.32,75.6,71.98,54.82,50.13,48.58,31.3,36.25,47.71,52.05,60.98,71.04,77.92,77.34,70.3,56.55,47.01,36.93,36.37,39.67,38.73,56.14,60.42,71.08,75.83,72.43,69.04,60.57,44.49,33.39,28.62,38.55,38.66,48.24,64.81,70.11,76.32,77.38,70.52,56.21,42.48,37.92,31.91,34.7,39.22,55.2,62.42,70.29,78.26,74.84,69.19,58.32,41.97,36,37.49,39.13,46.17,49.08,59.7,71.74,79,76.12,67.26,56.95,49.66,37.89,33.84,31.73,44.02,53.06,60.98,72.39,76.53,76.44,69.33,61.23
7675,Westwood,NJ,55.74,  ,  ,  ,  ,64.36,73.22,80.87,75.38,70.68,56.7,  ,  ,  ,  ,  ,55.06,  ,72.1,81.07,77.22,68.86,57.69,42.78,40.39,34.43,33.19,39.09,52.18,62.22,73.67,80.65,74.01,67.1,58.69,44.08,36.68,26.26,30.04,35.13,51.42,62.87,72.28,76.98,73.08,69.08,58.62,42.85,39.58,28.04,22.12,35.8,52.3,67.93,71.08,78.53,78.12,72.79,55.9,50.59,47.73,32.13,36.01,46.98,51.91,61.77,72.84,79.75,78.98,71.22,57.43,48.45,37.4,36.68,39.2,38.32,55.49,61.02,72.59,77.65,74.07,70.41,61.99,44.67,33.98,29.23,38.8,38.98,48.15,66.38,72.37,79.43,79.2,71.1,57.2,43.07,38.3,31.69,33.85,39.27,54.52,62.78,72.95,81.41,76.8,70.38,59.36,42.31,36,37.63,38.95,46.2,48.96,60.39,74.07,81.54,78.24,68.81,57.49,50.07,37.9,33.39,31.62,43.18,53.17,62.76,74.64,  ,78.4,70.68,  
7716,Atlantic Highlands,NJ,55.11,28.36,34.81,42.15,54.32,62.98,71.67,78.48,74.05,69.13,55.8,49.82,41.14,35.83,39.29,49.98,53.44,64.83,69.46,77.92,74.86,67.62,56.98,41.41,41.14,34.66,33.26,38.62,52.11,60.48,71.85,78.15,71.62,64.2,56.28,43.27,37.04,27.1,  ,35.65,51.46,61.7,70.47,74.62,71.17,67.1,57.72,41.65,39.15,28.17,22.84,36.19,50.99,65.35,68.81,75.67,75,69.76,53.55,48.9,48.74,31.93,36.63,47.46,51.84,59.94,70.75,76.86,76.82,70.11,56.16,47.77,37.4,36.75,40.84,  ,56.03,59.83,69.91,75.81,71.94,68.85,59.43,44.78,33.19,28.42,39.99,38.39,48.4,65.16,71.44,76.46,77.65,69.87,57.16,43.05,37.8,32.68,35.11,40.55,55.13,62.89,70.77,78.58,74.88,69.46,58.82,42.69,36.46,37.85,39.76,47.41,49.32,59.92,73.22,79.38,76.87,68.34,57.67,50.41,38.08,34.48,33.3,44.38,53.44,61.39,73.17,76.86,76.8,69.75,61.2
1073,Southampton,MA,49.5,21.31,25.05,34.66,47.14,60.28,66.65,74.03,70.07,65.5,51.31,44.31,34.38,28.54,32.95,44.58,48.83,61.83,67.01,75.22,72.25,63.03,52.59,38.44,33.21,26.2,28.18,34.88,46.33,59.14,67.93,76.41,69.42,61.05,52.97,37.47,28.72,20.21,23.5,26.65,47.75,58.89,67.01,71.28,68.41,62.89,53.1,38.19,33.84,19.4,12.49,29.75,45.64,63.81,64.8,71.73,71.78,66.38,50.04,44.49,40.1,26.31,29.37,40.68,46.71,57,67.21,74.21,73.62,66.06,51.01,41.22,29.37,30.02,31.8,30.15,50.86,55.44,66.52,70.68,68.65,65.86,56.05,38.61,25.97,21.96,31.87,35.19,41.65,62.4,66.15,74.21,73.44,64.9,49.89,36.07,30.81,24.21,27.27,32.88,48.16,56.05,67.41,75.24,71.08,63.32,51.35,36.21,28.71,30.83,31.23,40.28,43.34,56.8,68.81,75.78,72.86,63.36,51.8,43.48,32.05,28.13,25.83,36.9,49.23,58.86,70.12,70.47,73.02,64.98,  
1242,Lenox Dale,MA,46.25,19.47,21.15,32.27,46.06,  ,64.51,70.65,  ,64.22,50.4,41.7,32.16,26.38,30.04,43.38,45.21,60.19,64.22,71.33,  ,60.15,51.51,36.1,31.71,23.54,25.23,31.01,43.68,56.26,65.35,73.71,  ,59.18,50.14,35.74,26.74,18.57,21.09,25.2,44.53,55.92,65.57,69.71,  ,59.94,50.56,35.55,30.83,17.28,11.12,26.6,43.09,61.84,  ,69.35,  ,64.74,47.05,41.76,39.65,25.11,28,39.15,43.11,56.52,65.28,70.38,70.25,62.64,49.62,38.48,28.04,27.7,30.2,28.85,48.72,53.91,64.51,68.86,65.95,62.74,53.78,36.64,23.49,20.12,29.5,30.99,38.44,59.88,63.14,71.85,71.8,63.63,48.13,34.38,29.14,21.9,24.6,30.51,45.25,54.68,64.08,71.58,67.73,59.38,49.84,33.96,26.78,28.94,28.63,36.99,41.34,55.02,65.73,73.53,69.17,59.79,50.05,41.07,30.51,24.42,24.01,34.52,46.11,55.83,67.41,69.06,70.59,61.97,  
1266,West Stockbridge,MA,46.25,19.47,21.15,32.27,46.06,  ,64.51,70.65,  ,64.22,50.4,41.7,32.16,26.38,30.04,43.38,45.21,60.19,64.22,71.33,  ,60.15,51.51,36.1,31.71,23.54,25.23,31.01,43.68,56.26,65.35,73.71,  ,59.18,50.14,35.74,26.74,18.57,21.09,25.2,44.53,55.92,65.57,69.71,  ,59.94,50.56,35.55,30.83,17.28,11.12,26.6,43.09,61.84,  ,69.35,  ,64.74,47.05,41.76,39.65,25.11,28,39.15,43.11,56.52,65.28,70.38,70.25,62.64,49.62,38.48,28.04,27.7,30.2,28.85,48.72,53.91,64.51,68.86,65.95,62.74,53.78,36.64,23.49,20.12,29.5,30.99,38.44,59.88,63.14,71.85,71.8,63.63,48.13,34.38,29.14,21.9,24.6,30.51,45.25,54.68,64.08,71.58,67.73,59.38,49.84,33.96,26.78,28.94,28.63,36.99,41.34,55.02,65.73,73.53,69.17,59.79,50.05,41.07,30.51,24.42,24.01,34.52,46.11,55.83,67.41,69.06,70.59,61.97,  
1366,Petersham,MA,49.4,17.08,20.12,31.93,45.79,58.73,64.69,72.36,68.97,63.88,49.91,41.76,32.68,26.11,30.4,41.47,46.6,61.41,65.93,74.91,72.59,62.24,52.36,37.83,32.7,23.94,25.59,33.06,46.13,58.57,68.16,76.6,69.12,61.47,50.74,36.34,26.02,19.36,19.83,25.03,45.52,57.81,68.07,72.95,67.87,61.79,52.25,36.16,32.47,17.11,9.09,25.66,44.33,63.72,65.44,72.52,73.49,68.4,49.71,43.72,39.94,26.47,28.78,40.78,46.62,60.19,69.91,76.73,75.54,66.78,52.21,41.13,28.36,29.43,29.44,30.52,51.17,56.89,68.11,72.37,69.8,66.78,57.29,39.65,25,21.58,30.88,33.93,42.75,62.69,67.46,76.42,75.22,66.61,50.29,36.73,30.76,24.26,25.95,32.18,49.06,57.04,68.14,76.69,72.05,62.65,52.27,36.28,27.97,29.37,30.13,38.52,44.35,58.57,70.09,77.18,73.62,63.41,51.93,42.76,32.18,27.72,25.21,37.11,48.76,59.88,71.85,72.81,74.82,65.77,55.54
1532,Northborough,MA,48.61,19.74,22.01,34.52,47.05,57.49,64.56,71.92,69.48,64.44,50.81,42.75,34.21,27.81,31.08,42.17,46.99,59.18,64.36,72.61,70.86,60.98,51.24,36.88,32.29,24.58,26.53,33.26,45.03,57.24,66.83,75.04,67.28,59.58,49.77,37.13,28.09,20.44,21.45,26.87,44.37,56.43,65.8,71.01,66.69,61.56,52.05,37.85,33.62,19.51,10.53,27.16,44.53,61.66,63.36,70.38,70.25,65.91,48.97,43.79,40.69,26.37,28.36,40.17,44.1,56.88,65.88,71.6,71.55,63.99,51.3,41.04,30,30.13,30.99,30.25,49.17,54.7,65.35,69.51,67.42,64.42,57.04,39.04,25.27,22.12,32.43,33.3,41.74,60.42,64,73.96,73.13,64.85,49.91,37.02,31.59,25.5,26.69,32.88,47.73,54.93,65.55,73.96,69.8,61.95,50.85,36.46,29.35,31.51,31.73,39.47,42.73,55.42,67.82,74.91,71.8,62.58,51.24,42.87,31.87,28.27,25.79,38.03,47.3,56.89,68.4,69.57,72.28,64.11,55.76
1545,Shrewsbury,MA,48.61,19.74,22.01,34.52,47.05,57.49,64.56,71.92,69.48,64.44,50.81,42.75,34.21,27.81,31.08,42.17,46.99,59.18,64.36,72.61,70.86,60.98,51.24,36.88,32.29,24.58,26.53,33.26,45.03,57.24,66.83,75.04,67.28,59.58,49.77,37.13,28.09,20.44,21.45,26.87,44.37,56.43,65.8,71.01,66.69,61.56,52.05,37.85,33.62,19.51,10.53,27.16,44.53,61.66,63.36,70.38,70.25,65.91,48.97,43.79,40.69,26.37,28.36,40.17,44.1,56.88,65.88,71.6,71.55,63.99,51.3,41.04,30,30.13,30.99,30.25,49.17,54.7,65.35,69.51,67.42,64.42,57.04,39.04,25.27,22.12,32.43,33.3,41.74,60.42,64,73.96,73.13,64.85,49.91,37.02,31.59,25.5,26.69,32.88,47.73,54.93,65.55,73.96,69.8,61.95,50.85,36.46,29.35,31.51,31.73,39.47,42.73,55.42,67.82,74.91,71.8,62.58,51.24,42.87,31.87,28.27,25.79,38.03,47.3,56.89,68.4,69.57,72.28,64.11,55.76
1611,Cherry Valley,MA,48.61,19.74,22.01,34.52,47.05,57.49,64.56,71.92,69.48,64.44,50.81,42.75,34.21,27.81,31.08,42.17,46.99,59.18,64.36,72.61,70.86,60.98,51.24,36.88,32.29,24.58,26.53,33.26,45.03,57.24,66.83,75.04,67.28,59.58,49.77,37.13,28.09,20.44,21.45,26.87,44.37,56.43,65.8,71.01,66.69,61.56,52.05,37.85,33.62,19.51,10.53,27.16,44.53,61.66,63.36,70.38,70.25,65.91,48.97,43.79,40.69,26.37,28.36,40.17,44.1,56.88,65.88,71.6,71.55,63.99,51.3,41.04,30,30.13,30.99,30.25,49.17,54.7,65.35,69.51,67.42,64.42,57.04,39.04,25.27,22.12,32.43,33.3,41.74,60.42,64,73.96,73.13,64.85,49.91,37.02,31.59,25.5,26.69,32.88,47.73,54.93,65.55,73.96,69.8,61.95,50.85,36.46,29.35,31.51,31.73,39.47,42.73,55.42,67.82,74.91,71.8,62.58,51.24,42.87,31.87,28.27,25.79,38.03,47.3,56.89,68.4,69.57,72.28,64.11,55.76
1634,Tolland,MA,49.5,21.31,25.05,34.66,47.14,60.28,66.65,74.03,70.07,65.5,51.31,44.31,34.38,28.54,32.95,44.58,48.83,61.83,67.01,75.22,72.25,63.03,52.59,38.44,33.21,26.2,28.18,34.88,46.33,59.14,67.93,76.41,69.42,61.05,52.97,37.47,28.72,20.21,23.5,26.65,47.75,58.89,67.01,71.28,68.41,62.89,53.1,38.19,33.84,19.4,12.49,29.75,45.64,63.81,64.8,71.73,71.78,66.38,50.04,44.49,40.1,26.31,29.37,40.68,46.71,57,67.21,74.21,73.62,66.06,51.01,41.22,29.37,30.02,31.8,30.15,50.86,55.44,66.52,70.68,68.65,65.86,56.05,38.61,25.97,21.96,31.87,35.19,41.65,62.4,66.15,74.21,73.44,64.9,49.89,36.07,30.81,24.21,27.27,32.88,48.16,56.05,67.41,75.24,71.08,63.32,51.35,36.21,28.71,30.83,31.23,40.28,43.34,56.8,68.81,75.78,72.86,63.36,51.8,43.48,32.05,28.13,25.83,36.9,49.23,58.86,70.12,70.47,73.02,64.98,  
1784,Woodville,MA,48.79,21.42,24.08,34,47.01,59.07,66.94,74.5,71.02,65.64,52.16,44.1,34.97,28.74,32.88,43.47,48.81,60.62,66.45,74.16,73.13,62.4,53.73,39.18,33.21,25.18,27.79,34.9,46.54,58.51,68.13,75.83,68.95,61.86,51.06,38.84,26.56,21.06,21.96,27.37,45.75,58.32,67.24,72.46,67.66,62.8,52.75,38.64,32.81,20.95,12.63,27.93,44.69,63.1,64.69,71.53,71.96,67.73,49.46,44.1,39.85,28.26,30.36,40.37,46.15,58.28,67.59,74.03,72.9,64.53,51.64,41.45,29.35,29.66,30.9,29.97,49.46,55.69,67.24,70.97,69.46,66.81,57.42,39.61,25.12,23.25,32.02,35.15,42.84,61.47,66.25,75.07,74.3,65.52,49.44,35.69,30.9,25.02,26.82,33.15,48.33,56.25,66.87,75.34,71.1,62.85,52.18,36.79,29.03,30.33,31.15,39.34,43.61,58.23,69.76,75.83,72.86,63.23,51.98,42.64,31.95,29.12,25.79,37.53,48.07,59.45,  ,  ,  ,  ,  
1807,Woburn,MA,48.79,21.42,24.08,34,47.01,59.07,66.94,74.5,71.02,65.64,52.16,44.1,34.97,28.74,32.88,43.47,48.81,60.62,66.45,74.16,73.13,62.4,53.73,39.18,33.21,25.18,27.79,34.9,46.54,58.51,68.13,75.83,68.95,61.86,51.06,38.84,26.56,21.06,21.96,27.37,45.75,58.32,67.24,72.46,67.66,62.8,52.75,38.64,32.81,20.95,12.63,27.93,44.69,63.1,64.69,71.53,71.96,67.73,49.46,44.1,39.85,28.26,30.36,40.37,46.15,58.28,67.59,74.03,72.9,64.53,51.64,41.45,29.35,29.66,30.9,29.97,49.46,55.69,67.24,70.97,69.46,66.81,57.42,39.61,25.12,23.25,32.02,35.15,42.84,61.47,66.25,75.07,74.3,65.52,49.44,35.69,30.9,25.02,26.82,33.15,48.33,56.25,66.87,75.34,71.1,62.85,52.18,36.79,29.03,30.33,31.15,39.34,43.61,58.23,69.76,75.83,72.86,63.23,51.98,42.64,31.95,29.12,25.79,37.53,48.07,59.45,  ,  ,  ,  ,  
1902,Lynn,MA,50.28,25.74,29.05,37.4,48.27,56.19,65.46,74.17,70.97,65.77,55.62,47.77,38.59,31.95,36.34,44.73,51.3,58.48,65.26,73.36,72.9,64.44,55.08,42.1,37.87,30.52,30.54,37.02,47.35,57.47,68.4,75.94,70.32,63.88,54.68,41.61,32.52,26.67,30.22,33.06,47.89,58.95,67.95,73.65,70.25,65.71,56.62,42.03,38.61,25.14,18.28,32.18,48.34,61.88,64.04,72.79,72.95,68.18,52.11,47.79,44.55,  ,  ,  ,  ,  ,  ,  ,  ,66.56,54.64,44.67,33.55,32.72,33.98,32.81,49.39,53.51,66.13,69.94,68.13,63.54,58.26,42.1,29.12,25.21,35.38,36.63,43.32,57.78,62.35,71.28,73.89,64.51,49.24,38.82,33.17,28.85,29.44,34.86,47.3,52.84,62.17,72.39,68.43,62.91,52.75,38.53,31.41,33.58,33.12,41.18,42.08,54.7,64.08,70.43,69.33,60.17,52.34,  ,34.74,29.88,  ,38.26,45.36,  ,  ,  ,72.36,65.21,  
58761,Mohall,ND,40.81,6.57,8.73,16.3,37.27,  ,61.99,70.68,68.99,59.38,47.66,30,22.26,19.83,20.97,38.98,44.46,54,64.09,72.97,67.98,58.05,39.76,25.88,11.05,9.95,15.22,13.35,27.95,52.47,63.12,67.28,68.32,61.5,41.14,24.49,4.26,7.97,4.48,20.91,36.88,53.46,62.08,66.27,66.99,58.21,46.69,20.19,17.62,15.93,5.31,30.69,43.38,52.61,64.44,69.84,68.07,60.64,47.44,32.58,20.82,13.86,25.5,34.48,40.41,57.7,65.43,68.52,68.38,57.63,44.87,38.93,8.49,10.71,18.3,24.66,41.54,55.51,64.36,72.18,65.46,57.88,44.38,24.6,15.22,9.82,3.07,22.08,30.61,60.53,66.99,68.68,67.82,53.19,38.64,23.07,20.43,8.42,-5.8,20.57,41.04,49.96,63.48,68.45,65.3,57.15,37.62,25.77,16.36,12.02,18.09,28.83,36.25,52.47,65.77,69.75,68.59,56.86,37.9,30.99,23,19.81,2.37,34.75,38.82,51.76,68.97,74.26,68.36,62.8,50.11
59104,Billings,MT,46.39,25.47,  ,35.83,44.55,52.2,63.7,74.57,73.72,62.69,51.24,34.09,31.91,27.34,29.44,44.47,49.96,54.61,66.83,76.55,70.83,61.34,44.94,36.84,25.3,25.61,32.22,35.38,41.05,56.3,61.95,71.76,72.36,63.37,43.52,33.31,19.06,28.38,15.75,31.69,45.68,55.35,61.2,70.66,69.15,58.26,50.72,28.76,26.17,25.92,30.56,43.61,46.67,53.74,68.54,71.19,68.76,62.74,51.46,34,24.19,25.34,39.07,41.18,48.61,54.81,67.91,71.19,68.54,59.81,48.11,42.1,14.77,14.09,26.04,40.12,46.83,55.72,65.68,75.45,68.61,58.57,46.51,33.62,23.43,19.58,9.97,29.34,40.73,59.07,63.36,69.98,67.77,57.27,44.06,34.68,28.76,25.38,6.24,24.76,46.2,50.36,62.96,69.6,69.66,59.77,37.22,32.22,28.71,24.64,27.77,35.78,40.17,54.82,65.25,70.36,71.35,60.26,40.42,35.37,30.47,29.32,12.94,38.26,43.12,53.83,69.94,75.99,67.93,61.56,49.71
59201,Wolf Point,MT,41.21,8.67,8.58,18.28,38.08,50.31,59.47,68.85,68.56,60.73,48.02,27.66,21.94,20.3,21.18,40.03,45.48,52.3,62.1,72.77,69.13,60.03,  ,25.77,13.59,12.27,19.35,17.02,33.06,55.11,60.67,65.97,67.86,61.39,40.87,26.1,6.91,15.01,8.69,24.46,39.51,53.31,59.11,66.83,67.1,55.35,46.35,18.82,18.97,17.2,14.7,36.95,44.26,50.99,64.31,68.49,67.77,58.6,47.21,30.22,20.41,14.72,28.18,37.2,44.33,55.2,63.59,66.85,66.78,57.06,43.56,37.83,8.69,10.6,20.16,30.38,43.92,55.13,63.09,74.26,66.4,57.02,43.3,25.92,14.92,10.72,0.37,22.66,35.22,59.54,64.92,68.58,66.79,50.72,40.1,24.87,20.66,17.38,-6.88,20.75,42.89,49.37,62.26,66.09,65.19,56.48,36.91,25.14,17.1,13.15,19.49,30.16,37.53,53.51,63.07,66.81,69.26,56.03,34.83,28,24.69,21.49,7.43,36.72,41.41,50.59,66.85,74.59,66.81,60.55,  
59244,Larslan,MT,36.32,  ,5.25,  ,34.83,46.11,56.61,  ,  ,54.45,43.18,22.14,17.2,17.13,  ,34.86,40.53,  ,57,67.5,63.36,52.84,  ,21.42,10.27,9.03,16.16,15.69,30.22,50.2,56.08,60.76,63.05,55.78,35.71,21.69,2.5,10.67,4.3,20.26,35.29,47.23,52.99,61.59,61.32,49.41,42.51,14.68,14.25,13.12,11.62,32.05,  ,44.98,58.53,62.38,61.14,51.62,41.16,26.11,15.33,11.8,22.08,31.93,38.64,48.54,58.12,60.85,59.63,50.47,37.94,32.59,5.02,8.01,16,25.7,37.02,48.34,56.32,67.44,59.99,51.22,36.79,20.89,10.08,6.85,-4.95,16.75,29.07,53.19,58.03,62.58,60.71,45.86,35.19,20.14,14.47,12.2,  ,16.41,37.9,45.23,56.95,63.28,59.04,50.11,31.03,19.18,11.8,7.81,12.07,20.48,31.96,47.17,56.12,61.03,62.51,50.31,28.74,22.33,18.88,17.15,1.53,30.7,35.02,44.04,60.8,68.18,59.63,53.4,  
59248,Nashua,MT,43.87,  ,  ,  ,43.11,53.6,64.2,74.34,71.82,61.75,49.62,29.23,23.54,23.38,21.6,40.77,47.32,53.49,64.99,75.88,70.39,60.08,41.43,26.73,14.77,14.92,24.26,24.3,37.72,57.74,63.93,69.73,71.33,63.09,42.8,27.68,7.3,18.52,9.73,27.43,42.13,55,61.18,71.08,69.22,57.31,49.39,21.96,22.3,18.81,19.27,39.45,46.6,53.55,67.91,70.84,69.3,59.83,49.32,32.2,21.24,15.82,31.57,40.05,46.78,56.5,66.4,70.12,68.77,58.08,45.14,39.9,12.15,10.18,22.66,34.36,46.65,57.58,66.06,77.34,69.01,59.02,45.57,29.73,17.85,10.26,-0.04,24.62,40.3,62.62,65.59,72.27,70.59,55.13,43.61,29.08,23.04,22.08,-2.78,23.5,46.76,52.07,64.45,70.88,68.56,59.31,39.7,27.82,19.45,17.89,24.44,33.08,40.86,55.69,65.21,69.69,71.47,58.87,39.16,31.21,26.56,27.19,11.35,39.33,44.22,52.14,70.74,77.31,68.92,61.52,49.17
59315,Bloomfield,MT,45.52,13.68,13.37,25.61,43.38,52.84,64.24,72.63,71.67,62.04,50.83,32.85,27.77,25.93,24.12,45.93,50.29,56.66,68.34,76.82,70.18,62.42,44.17,31.73,18.1,18.14,28.67,27.9,39.29,57.4,64.08,70.41,71.56,65.97,44.82,29.14,10.53,19.8,13.87,30.31,44.22,56.95,63.5,71.56,69.62,58.93,50.09,23.77,24.21,21.54,20.62,40.37,48.18,53.76,67.64,73.45,71.04,63.28,51.01,33.15,24.94,22.15,34.27,41.49,48.16,57.87,69.17,71.37,69.8,61.14,48.45,41.04,13.14,13.39,25.48,36.59,46.6,58.24,67.05,77.47,68.7,59.77,48.2,31.93,21.38,16.11,5.95,29.86,40.3,61.56,67.21,71.67,69.76,57.24,44.1,30.06,27.16,21.04,0.93,27.64,46.98,51.87,65.71,71.76,69.93,60.69,41.81,31.37,24.58,21.58,26.22,36.05,42.73,58.17,68.38,72.39,73.6,60.48,41.94,35.28,29.95,27.41,12.58,41.05,45.75,55.22,71.71,78.04,  ,  ,  
59324,Ekalaka,MT,45.54,16.81,15.64,28.67,41.25,49.01,60.69,71.56,69.85,59.83,48.52,32.36,26.89,26.06,24.04,45.75,47.46,53.51,66.56,76.3,69.49,60.91,43.59,35.38,23.07,20.82,28.26,30.67,37,55.22,60.84,69.53,70.25,63.27,42.17,31.41,15.53,22.71,13.95,29.89,41.45,52.92,59.59,68.36,67.68,58.53,49.5,26.2,26.62,23.5,24.6,41.67,47.37,51.89,66.29,71.04,70.57,64.6,49.96,32.38,26.28,24.87,34.36,40.59,46.35,53.78,69.19,72.48,69.39,61.2,49.42,40.41,13.55,14.68,28.65,38.17,45.23,54.25,65.5,77.63,68.47,58.84,46.38,34.18,21.76,20.43,9.81,28.92,39.07,58.57,63.99,71.35,69.24,59.18,41.81,31.32,26.55,25.25,5.94,25.29,44.55,48.02,62.02,68.32,68.13,60.31,37.33,31.62,26.64,24.62,25.2,35.53,39.36,53.44,65.44,71.46,72.36,60.66,41.68,36.9,29.97,27.37,12.79,38.95,43.57,52.52,72,77.77,71.67,63.5,50.92
59487,Vaughn,MT,45.63,22.68,16.86,31.12,38.62,49.15,56.82,68.59,69.4,62.44,47.82,34.43,31.73,28.27,28.87,40.75,47.1,50.11,60.89,72.7,68.67,60.91,42.49,37.15,24.71,27.77,31.77,34.79,39.13,53.22,60.57,70.03,70.2,61.79,43.27,34.93,21.7,30.58,15.37,29.91,43.66,52.29,57.65,70.81,67.23,57.56,52.27,26.76,29.21,27.88,31.3,44.33,44.8,51.13,66.11,67.95,69.17,58.55,49.95,32.77,28,28.56,39.38,41,46.98,51.78,63.52,67.75,66,56.17,47.12,45,14.94,19.27,26.08,38.35,44.58,55.06,62.28,74.16,67.6,57.34,45.55,33.84,21.9,27.73,13.37,30.45,39.65,57.72,61,67.89,66.97,54.23,44.76,34.45,30.09,30.49,0.66,25.3,43.95,49.91,60.57,66.99,67.08,56.59,37.36,31.96,32.61,26.96,31.01,32.43,39.42,51.89,60.69,67.39,70.02,59.34,41.49,37.35,34.56,31.96,13.3,39.85,42.17,48.99,66,74.82,66.78,61.09,49.03
59817,Four Corners,MT,44.81,24.15,21.04,36.25,39.11,48.65,57.43,66.79,67.87,61.18,47.84,31.66,26.31,30.29,27.82,41.56,47.25,50.67,60.55,70.48,68.94,60.98,45.32,35.87,25.07,24.01,28.17,35.87,  ,52.74,60.01,69.6,68.74,59,42.03,33.93,20.88,29.23,17.6,33.91,44.49,53.15,56.93,68.34,64.89,57.04,50.76,28.42,26.58,27.18,34.88,42.91,43.86,50.97,64.51,66.33,67.12,59.43,51.19,29.53,24.19,24.55,34.79,39.4,47.86,51.64,63.72,66.96,  ,56.14,48.15,39.92,17.58,16.03,29.26,42.48,43.83,52.72,60.67,71.2,66.9,55.56,44.24,31.75,20.53,26.65,19.81,34.03,41.68,55.89,59.45,66.45,64.53,55.72,43.84,31.6,24.78,25.48,11.41,22.14,43,49.14,59.09,64.8,65.8,57.96,36.99,31.21,27.7,30.94,26.8,33.75,42.08,52.7,59.61,64.92,68.59,58.69,43.38,35.08,29.1,27.7,17.2,37.18,42.62,50.23,65.5,72.52,65.19,60.42,47.73
59919,Hungry Horse,MT,43.7,24.24,19.47,34.7,38.71,48.7,54.16,61.88,64.38,56.17,43.3,31.55,27.95,26.42,28.2,36.73,45.19,48.78,  ,65.19,63.09,55.38,41.86,35.8,28.24,23.86,32.58,35.24,40.41,52.41,58.48,67.12,66.11,57.15,39.58,31.95,21.87,26.6,17.01,33.21,42.24,51.62,55.89,66.63,65.07,54.23,48,  ,25.03,22.62,32.34,38.61,43.57,52.75,63.7,65.62,  ,  ,46.58,31.15,27.39,26.94,33.15,37.22,47.75,51.39,58.44,62.58,62.71,51.98,43.52,38.43,17.26,12.49,22.05,35.8,40.39,52.54,59.4,67.95,64.29,54.79,41.4,35.38,28.89,33.8,26.55,36.97,43.63,58.37,59.68,66.25,65.53,55.49,44.69,37.26,28.92,25.59,11.35,25.47,42.87,53.49,59.38,63.37,64.74,56.1,37.36,30.78,31.14,28.76,30.38,34.25,40.53,50.43,57.74,63.25,65.46,55.9,40.91,34.11,28.08,29.44,19.67,36.64,42.4,49.98,62.37,70.45,64.85,  ,  
59920,Kila,MT,44.05,23.76,21.02,35.44,39.47,50.16,55.17,62.67,64.96,57.34,43.43,30.83,26.87,26.6,28.65,37.18,45.75,48.78,57.2,67.08,64.15,55.76,42.31,34.86,28.24,24.04,32.14,35.98,40.62,53.1,59.14,68.14,67.01,58.01,39.31,31.15,20.84,26.26,18.64,34.03,42.78,52.05,56.25,68.49,65.41,55.15,47.46,28.4,25.18,22.93,31.95,39.16,43.79,53.82,64.96,65.3,64.98,53.73,47.08,31.39,26.46,26.58,33.58,38.05,49.32,53.37,60.31,64,64.22,53.44,43.32,38.05,17.08,13.69,22.98,36.41,42.06,53.42,60.08,68.76,65.7,55.08,40.84,33.48,21.65,27.93,19.72,32.54,41.56,57.36,57.65,66.02,63.37,53.15,41.2,32.16,27.64,26.17,13.05,26.73,43.16,53.46,59.13,63.77,64.67,55.74,36.99,30.15,31.15,29.43,30.2,34.63,41.56,52.05,58.55,63.79,64.56,56.16,40.08,33.89,28.49,29.98,21,38.23,43.47,50.7,63.88,71.47,64.87,55.62,44.08
26210,Adrian,WV,52.7,25.81,35.29,41.36,53.69,61.23,68.86,75.24,71.26,64.99,51.28,44.92,36.75,33.46,35.11,50.68,49.89,64.83,66.87,74.73,  ,64,52.29,37.67,35.74,30.47,28.85,33.73,49.23,56.64,  ,73.31,69.42,64.18,54.77,38.88,36.41,23,29.77,36.7,52.38,61.52,70.65,70.75,70.07,65.16,53.24,37.13,38.25,27.66,21.15,38.79,52.57,65.77,71.24,72.86,71.11,68.63,53.76,47.21,46.22,25.88,33.78,47.19,52.09,60.19,70.12,74.32,76.15,70.84,57.25,45.27,36.07,36.88,40.89,40.95,56.21,61.3,68.65,72.81,70.25,65.41,57.78,42.71,32.94,24.73,41.58,37.35,46.36,68.77,70.68,73.96,72.97,71.67,55.33,39.11,35.98,31.69,37.71,38.55,54.03,66,68.67,75.11,72,70.41,58.21,38.86,39.2,37.08,37.81,46.65,47.84,58.23,68.95,76.84,73.17,64.76,54.48,46.11,33.49,31.75,30.36,44.74,49.37,59.49,70.21,73.11,75.13,66.38,59.23
26264,Durbin,WV,48.03,22.23,31.6,36.9,49.91,58.05,63.75,68.49,66.31,60.17,47.66,41.68,33.55,29.16,32.5,46.56,47.37,60.48,60.75,69.82,64.54,58.21,47.66,34.99,34.32,28.65,24.98,29.12,48.33,55.17,64.2,68.29,63.77,58.64,49.57,34.43,30.94,18.19,26.82,31.14,47.46,57.18,65.28,64.8,63.36,60.04,48.79,32.14,33.17,22.5,17.11,34.68,47.44,59.68,65.82,67.21,63.81,60.62,49.12,43.29,41.5,21.4,28.09,42.6,46.92,55.02,64.09,69.03,70.18,64.15,51.87,40.14,30.15,31.91,37.09,35.55,52.63,56.48,62.42,67.78,63.32,58.71,53.02,38.23,28.24,21.56,35.55,30.34,42.76,63.37,64.89,67.8,66.6,65.79,50.52,35.55,32.2,27.19,33.67,35.19,50.16,61.99,61.88,68.7,65.26,63.79,52.07,34.38,33.91,31.01,33.37,43.2,43.59,52.93,64.13,70.32,66.72,57.85,50.7,42.51,28.08,27.18,26.78,40.01,45.63,54.41,63.73,67.1,68.04,59.32,54.61
26266,Upperglade,WV,43.82,17.58,27.03,30.6,44.26,52.75,60.84,65.41,62.01,55.51,42.31,39.49,29.89,24.66,27.32,43.02,41.43,56.05,56.89,65.86,61.16,55.33,44.55,30.85,30.92,25.25,19.11,22.26,41.88,49.26,59.23,62.06,58.8,55.31,45.82,30.38,27.81,14.47,21.78,27.01,43.61,52.12,61.11,59.68,59.11,55.96,44.4,28.54,29.5,19.49,13.59,30.33,42.94,56.21,61.38,62.76,61.09,58.12,45.63,40.1,40.75,19.6,22.87,39.04,41.9,49.95,59.95,64.99,64.92,60.75,48.58,38.59,25.92,28.08,30.58,30.22,48.04,50.77,58.68,63.46,59.97,55.38,50.54,35.13,22.71,17.87,32.9,25.09,36.52,58.96,60.91,63,62.89,61.25,45.41,30.18,28.31,22.82,29.7,29.77,43.59,56.52,57.42,64.9,62.29,61.2,49.57,30.16,31.69,27.3,27.63,36.88,36.86,46.4,58.14,66.6,62.37,54.91,47.59,39.4,24.24,21.88,22.57,35.69,40.42,49.12,59.43,62.56,64.78,55.98,49.77
26289,Red Creek,WV,46.43,19.4,29.34,33.6,47.07,56.66,63.27,68.4,64.65,59.31,45.72,43.39,32.85,27.73,29.55,45.97,44.4,59.86,61.03,68.56,64.49,58.08,47.93,32.72,33.71,27.05,22.71,26.53,45.54,53.35,63.18,66.09,62.4,58.03,48.47,33.01,30.29,17.35,23.59,28.42,45.18,55.15,63.66,63.01,62.33,58.39,47.86,32.07,31.41,20.91,14.4,31.91,45.73,58.96,63.43,65.53,63.14,60.22,46.67,42.3,42.22,20.82,26.64,41.18,44.15,52.43,62.58,66.92,68.13,62.96,50.38,39.54,27.64,29.8,33.75,32.29,50.07,52.92,61.23,65.61,61.7,57.85,52.38,36.84,24.87,20.14,35.04,27.52,39.52,61.93,63.09,65.32,65.93,63.59,48.29,32.43,30.38,24.75,31.5,32.41,47.84,59,60.66,67.48,64.22,62.6,51.66,32.74,33.6,30.06,31.19,40.17,40.78,50.29,60.85,68.49,65.1,57.58,50.05,42.21,27.3,24.4,25.07,39.34,43.84,51.96,62.94,65.62,67.08,59.09,52.93
24225,Cleveland,VA,54.48,29.64,39.34,45.72,56.44,61.29,70.23,74.32,71.62,65.39,52.14,45.82,40.32,36.39,39.54,53.04,53.78,65.39,67.73,74.88,69.73,64.45,52.36,39.63,41.18,36.63,34.57,36.52,52.2,59.72,69.17,71.62,69.8,64.69,53.65,40.3,37.99,25.77,34.88,40.1,53.78,62.13,70.66,68.99,69.15,66.85,54.03,37.63,40.08,31.66,25.32,43.56,54.52,63.91,71.71,73.02,70.45,66.18,54.7,48.25,48.79,29.14,36.9,49.68,53.51,59.76,70.14,74.28,75,69.28,56.8,46.24,37.62,40.41,41.56,43.86,57.85,62.13,67.24,73.06,70.12,64.27,56.79,44.83,35.24,29.48,46.2,41.14,49.17,67.59,71.24,73.47,72.25,72.77,57.18,40.8,38.71,34.72,42.44,42.15,54.81,64.6,66.67,72.45,71.71,71.26,59.72,40.84,43.03,  ,41.83,52.32,50.59,59.36,68.34,75.15,72.52,65.23,56.91,48.52,35.67,35.06,35.49,48.16,51.96,60.06,69.6,72.46,73.11,64.98,58.8
24228,Clintwood,VA,53.04,28.29,37.69,43.95,55.29,61.2,69.35,73.49,70.86,64.2,51.46,45.41,38.89,35.38,37.78,52.88,53.42,64.78,66.42,73.76,68.7,62.51,51.4,39.04,38.98,34.63,33.71,36.05,51.64,60.12,68.14,70.41,68.76,63.32,53.74,38.53,35.55,23.97,33.24,38.84,53.44,61.7,69.15,67.33,68.5,65.08,52.52,36.32,39.11,30.51,23.63,41.5,53.83,63.37,70.25,72.19,68.68,65.23,53.91,47.7,46.51,27.1,35.46,47.86,53.47,59.11,69.06,73.29,73.78,67.5,56.79,45.16,36.34,39.79,41.25,43.02,57.65,61.9,65.91,71.8,68.25,63.12,54.73,43.83,34.39,26.89,43.41,41,48.25,67.1,69.89,71.91,70.61,70.65,55.11,39.97,36.64,34.25,40.77,41.32,53.98,65.35,66.69,72.36,70.36,69.06,56.91,38.75,39.92,38.61,38.44,48.58,49.68,58.12,67.17,73.47,71.42,63.61,55.06,46.67,33.89,33.93,32.79,45.95,50.02,58.48,67.86,70.65,72.07,63.45,  
24239,Davenport,VA,53.95,27.19,37.47,42.22,54.41,60.15,69.76,73.29,70.88,64,52.3,46.17,38.68,34.86,37.06,52.92,52.32,65.43,68.09,73.31,69.39,63.57,52.02,40.73,39.2,33.89,31.77,33.24,50.63,59.16,67.8,69.87,68.5,63.79,54.12,39.56,36.68,23.77,32.88,39.25,55.27,63.23,70.47,68.16,69.37,65.3,54.59,36.9,38.73,30.61,  ,42.78,54.45,65.17,71.29,72.19,70.36,67.01,55.51,49.71,48.78,28.8,34.93,49.69,52.09,  ,70.63,73.9,74.05,70.39,59.14,49.42,36.09,38.68,42.28,43.84,57.99,61.07,67.93,72.93,69.19,65.14,58.01,44.51,33.94,27.81,43.32,38.52,47.53,68.18,70.9,72.52,70.95,70.66,56.1,40.86,37.56,33.33,40.96,41.43,56.62,66.38,67.17,72.88,72.16,72.34,60.08,39.56,41.85,37.78,37.24,48.16,49.6,57.24,67.87,74.61,71.64,64.15,57.18,48.94,34.25,32.67,33.03,48.2,52.11,59.45,69.39,72.23,73.08,65.71,58.78
24354,Marion,VA,54.24,29.28,39.15,45.16,55.47,61.93,70.27,74.59,72.14,65.97,52.79,45.91,39.65,36.07,38.77,52.5,54.16,65.71,67.86,75.02,70.79,64.99,53.1,40.06,40.12,36.75,34.65,36.99,52.16,60.35,69.75,72.82,69.69,65.62,54.45,40.77,37.18,25.34,35.19,40.17,53.22,62.22,70.74,68.99,69.53,66.87,54.39,37.62,40.05,32.23,26.83,43.23,53.83,64.49,71.83,73.11,70.95,67.26,55.76,48.58,47.34,29.64,35.58,48.47,53.42,60.94,69.8,  ,75.6,70.48,58.01,46.11,37.83,40.64,42.66,44.56,57.67,62.11,67.78,73.15,70.68,64.99,57.07,44.31,35.11,28.26,44.46,41.81,49.05,66.83,71.82,73.45,71.71,73.51,  ,41.56,38.5,35.76,41.43,42.44,54.7,66.72,68.31,74.19,72,70.97,59.52,41.04,41.09,39.18,39.04,48.7,50.31,57.99,68.32,75.51,73.38,65.61,57.43,48.51,35.1,34.86,36.39,46.54,50.09,59.74,69.73,73.13,74.19,65.41,59.31
24542,Danville,VA,55.64,32.63,39.31,45.41,57.15,63.43,73.02,77.59,75.29,67.37,54.41,47.66,40.93,37.63,39.94,53.96,54.79,66.33,68.36,77.4,72.79,65.8,55.38,40.77,41.29,37.78,34.92,38.86,54.21,59.7,70.57,74.5,70.5,64.67,56.55,41.63,39.36,28.38,36,38.25,53.08,63.43,71.2,72.34,69.71,66.79,56.39,40.12,40.32,33.55,28.69,43.74,54.55,64.76,72.18,73.99,71.58,67.55,54.95,49.28,47.5,32.43,36.88,51.19,54.66,61.11,69.94,75.6,75.96,71.19,58.8,47.07,38.46,39.33,45.41,46.08,60.44,63.37,70.29,75.94,72.55,67.01,58.82,45.25,37,30.79,44.13,41.22,52.54,69.55,73.42,74.95,74.73,72.57,58.32,42.64,38.86,36.09,41.29,43.48,57.38,69.19,70.79,76.86,74.91,71.96,60.03,42.64,40.37,39.45,42.08,52.07,53.22,59.95,70.34,77.9,75,64.49,57.6,48.83,37.02,35.49,35.69,46,53.6,61.48,69.46,74.77,75.94,66.42,61.54
24737,Montcalm,WV,51.55,26.1,37.26,42.31,54.18,60.12,68.38,73.45,70.75,64.17,50.77,44.71,37.6,34.18,36.73,52.29,51.89,64.38,65.32,72.84,68.4,63.36,50.29,36.93,37.94,34.23,31.68,33.35,51.51,58.77,67.75,70.23,67.75,63.28,  ,38.59,35.15,22.84,31.35,37.35,52.12,60.8,68.88,67.32,66.94,65.14,  ,35.08,37.38,29.12,22.73,41.52,52.63,62.87,  ,70.36,68.45,64.72,52.18,47.59,45.59,26.67,32.58,47.98,52.43,57.83,  ,71.69,72.55,67.77,55.8,43.72,35.49,37.45,40.51,41.92,56.34,59.97,  ,70.48,68.14,62.53,55.85,42.49,33.08,26.29,43.14,37.72,47.03,65.7,68.92,71.83,69.76,69.76,  ,38.14,36,31.59,38.64,40.26,53.78,64.47,  ,71.58,70.05,70.12,57.34,37.81,38.44,36.16,37.36,46.98,47.12,55.9,65.7,73.2,70.03,63,54.59,46.02,32.92,31.32,31.6,44.83,49.05,57.72,66.92,70,71.19,62.96,56.5
24966,Renick,WV,51.35,25.66,35.13,40.5,54.23,60.85,68.58,74.12,70.54,63.9,49.93,42.96,35.11,32.27,34.99,49.71,50.81,64.51,66.09,74.79,69.46,62.94,50.72,36.81,36.18,31.01,30.16,33.51,51.13,58.5,68.43,71.19,67.77,62.13,52.68,37.54,33.06,20.59,29.7,35.1,50.86,61.23,69.03,68.47,67.3,64.13,51.8,34.97,36.01,26.98,20.25,38.57,50.85,62.24,70.2,71.11,67.98,63.84,51.76,45.63,43.3,24.69,30.27,45.95,50.92,58.95,68.02,72.25,73.49,67.59,55.33,42.89,32.99,35.46,39.97,40.62,55.36,59.34,65.7,70.93,67.5,61.68,55,40.64,30.88,24.13,38.57,34.93,46.08,65.95,68.76,70.75,71.58,  ,54.03,38.34,35.47,30.22,36.99,38.59,53.24,65.03,65.95,73.13,69.75,68.99,56.48,36.9,36.93,34.25,37.54,46.44,47.62,56.73,66.49,74.1,71.51,62.55,54.09,45.66,32.61,31.37,30.06,43.5,49.84,58.19,67.8,71.17,73.38,64,58.64
2670,West Dennis,MA,51.91,29.84,31.24,38.07,48.33,56.1,65.39,73.26,71.65,66.45,57.78,49.05,39.79,37.31,36.36,43.07,49.53,58.71,64.76,73.81,72.97,64.87,56.37,44.13,41.27,31.66,32.2,38.01,46.42,57.2,67.42,76.42,71.08,63.82,57.38,43.59,36.45,28.67,30.47,33.28,45.95,57.56,65.98,72.45,68.52,65.95,57.04,43.03,41.76,29.28,22.14,31.75,46.72,59.72,63.59,72.43,74.08,68.9,53.76,49.5,46.62,33.15,34.57,41.9,45.95,56.34,67.1,73.87,74.28,67.03,55.63,45.68,36.91,35.46,36.25,33.76,48.96,54.73,64.11,70.38,69.37,65.14,59.58,45.05,32.13,28.51,37.8,36.54,43.25,57.43,62.91,72.3,74.14,66.38,52.36,42.87,36.19,31.53,33.03,36,47.88,53.42,64.71,73.62,71.71,63.77,54.48,42.78,35.85,35.1,36.43,41.04,43.41,54.54,65.93,73.4,73.24,65.28,55.98,48.85,39.43,33.48,31.75,38.5,47.77,56.91,67.78,71.01,73.6,67.91,58.46
2761,North Attleboro,MA,51.47,26.22,29.55,38.44,49.6,  ,  ,74.73,72.5,66.99,56.01,47.62,39.06,34,36.43,44.92,50.81,60.44,66.02,75,73.26,64.42,55.83,42.35,38.84,30.72,30.87,37.22,48.04,58.6,68.74,76.73,69.67,63.5,54.23,42.17,34.07,26.24,28.8,31.82,47.08,58.57,66.29,72.7,68.68,64.92,55.42,41.74,38.66,25.95,17.73,31.01,46.87,61.43,64.44,72.82,73.18,67.95,52.92,46.74,44.83,30.56,33.17,41.61,45.12,57.4,66.58,74.28,73.92,66,55.04,44.11,34.52,33.44,34.39,33.33,50.2,55.9,66.79,70.77,69.49,66.02,58.6,42.67,29.43,27.7,36.73,36.39,43.65,60.46,65.3,73.8,75.11,66.22,52.03,41.05,33.91,29.08,30.31,34.79,48.45,55.04,66.11,74.77,71.92,63.41,53.4,40.24,33.57,34.88,35.22,41.25,  ,56.25,68.54,75.09,73.85,63.7,54.27,46.74,35.6,31.28,30.27,38.59,47.8,57.52,69.17,71.01,73.09,66.45,57.61
